<?xml version="1.0" encoding="utf-8"?>

<ModMetaData>
	<name>Patchleather in Crafting Spot</name>
	<author>Troopersmith1</author>
	<url></url>
        <supportedVersions>
            <li>1.0</li>
            <li>1.1</li>
        </supportedVersions>
	<packageId>Troopersmith1.PatchleatherCraftingSpot</packageId>
	<description>This is a small mod that does one thing: adds the ability to make Patchleather at the Crafting Spot. This was something I wanted for tribal starts and a modder on Reddit was kind enough to help me out.</description>
</ModMetaData>